timestamp,metric_name,value
2025-03-06T15:29:57.589525,memory_update_time_ms,6576.799154281616
2025-03-06T15:29:57.589588,field_energy,1356.6080431001565
2025-03-06T15:29:57.589700,field_entropy,-290.07440163036284
2025-03-06T15:29:57.589739,field_message_importance,2.0
2025-03-06T15:29:58.016569,memory_update_time_ms,426.677942276001
2025-03-06T15:29:58.016628,field_energy,2326.1916579696403
2025-03-06T15:29:58.016742,field_entropy,-479.61380933017983
2025-03-06T15:29:58.016782,field_message_importance,0.9991501036779068
2025-03-06T15:29:58.016918,context_message_count,2
2025-03-06T15:29:58.016958,context_retrieval_time_ms,0.08606910705566406
2025-03-06T15:29:58.017012,prompt_construction_time_ms,0.1926422119140625
2025-03-06T15:29:59.378195,response_time_ms,1360.9669208526611
2025-03-06T15:29:59.378633,response_tokens,15
2025-03-06T15:29:59.914398,memory_update_time_ms,390.6388282775879
2025-03-06T15:29:59.914457,field_energy,7512.176300727374
2025-03-06T15:29:59.914569,field_entropy,-3505.3004827729155
2025-03-06T15:29:59.914606,field_message_importance,1.9565138849382193
2025-03-06T15:29:59.914879,context_message_count,4
2025-03-06T15:29:59.914911,context_retrieval_time_ms,0.06413459777832031
2025-03-06T15:29:59.914984,prompt_construction_time_ms,0.1590251922607422
2025-03-06T15:30:01.703759,response_time_ms,1788.877248764038
2025-03-06T15:30:01.703949,response_tokens,24
2025-03-06T15:30:01.960280,memory_update_time_ms,135.87188720703125
2025-03-06T15:30:01.960335,field_energy,16858.940943031143
2025-03-06T15:30:01.960443,field_entropy,-10222.105904320026
2025-03-06T15:30:01.960482,field_message_importance,2.2071261053272595
2025-03-06T15:30:01.960638,context_message_count,5
2025-03-06T15:30:01.960680,context_retrieval_time_ms,0.06914138793945312
2025-03-06T15:30:01.960728,prompt_construction_time_ms,0.17714500427246094
2025-03-06T15:30:03.346621,response_time_ms,1385.8602046966553
2025-03-06T15:30:03.346946,response_tokens,21
2025-03-06T15:30:03.837372,memory_update_time_ms,373.14295768737793
2025-03-06T15:30:03.837434,field_energy,28478.095119568385
2025-03-06T15:30:03.837554,field_entropy,-17915.266776760418
2025-03-06T15:30:03.837584,field_message_importance,1.1170811471746342
2025-03-06T15:30:03.838180,context_message_count,5
2025-03-06T15:30:03.838215,context_retrieval_time_ms,0.07510185241699219
2025-03-06T15:30:03.838259,prompt_construction_time_ms,0.1590251922607422
2025-03-06T15:30:19.542705,response_time_ms,15704.383134841919
2025-03-06T15:30:19.543015,response_tokens,226
2025-03-06T15:30:19.923002,memory_update_time_ms,56.42819404602051
2025-03-06T15:30:19.923061,field_energy,46703.52626158671
2025-03-06T15:30:19.923175,field_entropy,-33524.18542769961
2025-03-06T15:30:19.923205,field_message_importance,3.254149747002921
2025-03-06T15:30:19.927184,context_message_count,2
2025-03-06T15:30:19.927261,context_retrieval_time_ms,1.2569427490234375
2025-03-06T15:30:19.927320,prompt_construction_time_ms,1.4519691467285156
2025-03-06T15:30:31.006517,response_time_ms,11080.46579360962
2025-03-06T15:30:31.006761,response_tokens,173
2025-03-06T15:30:31.835592,memory_update_time_ms,458.4949016571045
2025-03-06T15:30:31.835652,field_energy,61976.08855282843
2025-03-06T15:30:31.835775,field_entropy,-46810.31869075421
2025-03-06T15:30:31.835805,field_message_importance,3.3266908493434943
2025-03-06T15:30:31.837065,context_message_count,2
2025-03-06T15:30:31.837135,context_retrieval_time_ms,1.1661052703857422
2025-03-06T15:30:31.837177,prompt_construction_time_ms,1.3060569763183594
2025-03-06T15:30:46.277957,response_time_ms,14441.90502166748
2025-03-06T15:30:46.278381,response_tokens,225
2025-03-06T15:30:46.905385,memory_update_time_ms,369.28677558898926
2025-03-06T15:30:46.905449,field_energy,72214.78275834033
2025-03-06T15:30:46.906131,field_entropy,-56715.64151653134
2025-03-06T15:30:46.906193,field_message_importance,3.1484590752327297
2025-03-06T15:30:46.907421,context_message_count,3
2025-03-06T15:30:46.907468,context_retrieval_time_ms,1.1708736419677734
2025-03-06T15:30:46.907561,prompt_construction_time_ms,1.3189315795898438
2025-03-06T15:31:00.772210,response_time_ms,13865.87905883789
2025-03-06T15:31:00.772363,response_tokens,219
2025-03-06T15:31:01.142702,memory_update_time_ms,46.105146408081055
2025-03-06T15:31:01.142829,field_energy,75673.94771629748
2025-03-06T15:31:01.142961,field_entropy,-59861.147240688064
2025-03-06T15:31:01.142994,field_message_importance,3.2679401608700798
2025-03-06T15:31:01.144803,context_message_count,4
2025-03-06T15:31:01.144931,context_retrieval_time_ms,1.5799999237060547
2025-03-06T15:31:01.145008,prompt_construction_time_ms,1.8489360809326172
2025-03-06T15:31:15.184417,response_time_ms,14041.099071502686
2025-03-06T15:31:15.185011,response_tokens,170
2025-03-06T15:31:15.709952,memory_update_time_ms,393.3367729187012
2025-03-06T15:31:15.710107,field_energy,76213.79900362768
2025-03-06T15:31:15.710253,field_entropy,-59937.7009599459
2025-03-06T15:31:15.710298,field_message_importance,3.19296768635654
2025-03-06T15:31:15.711801,context_message_count,4
2025-03-06T15:31:15.711870,context_retrieval_time_ms,1.3387203216552734
2025-03-06T15:31:15.711995,prompt_construction_time_ms,1.4998912811279297
2025-03-06T15:31:33.916586,response_time_ms,18206.029891967773
2025-03-06T15:31:33.916750,response_tokens,296
2025-03-06T15:31:34.437210,memory_update_time_ms,392.59910583496094
2025-03-06T15:31:34.437276,field_energy,76857.20753538175
2025-03-06T15:31:34.437400,field_entropy,-60550.222965461784
2025-03-06T15:31:34.437439,field_message_importance,3.1941616807354523
2025-03-06T15:31:34.441820,context_message_count,5
2025-03-06T15:31:34.441876,context_retrieval_time_ms,1.2500286102294922
2025-03-06T15:31:34.441919,prompt_construction_time_ms,1.3761520385742188
2025-03-06T15:31:48.777131,response_time_ms,14336.493968963623
2025-03-06T15:31:48.777247,response_tokens,237
2025-03-06T15:31:48.957409,memory_update_time_ms,44.97694969177246
2025-03-06T15:31:48.957469,field_energy,76929.45443697678
2025-03-06T15:31:48.957583,field_entropy,-60537.34700863974
2025-03-06T15:31:48.957618,field_message_importance,3.0562193409100025
2025-03-06T15:31:48.959028,context_message_count,2
2025-03-06T15:31:48.959077,context_retrieval_time_ms,1.1458396911621094
2025-03-06T15:31:48.959114,prompt_construction_time_ms,1.2531280517578125
2025-03-06T15:31:50.632458,response_time_ms,1674.532175064087
2025-03-06T15:31:50.632566,response_tokens,26
2025-03-06T15:31:50.816702,memory_update_time_ms,45.72296142578125
2025-03-06T15:31:50.816761,field_energy,77281.22330310984
2025-03-06T15:31:50.816870,field_entropy,-61084.904930930956
2025-03-06T15:31:50.816908,field_message_importance,3.258279901164908
2025-03-06T15:31:50.818749,context_message_count,3
2025-03-06T15:31:50.818785,context_retrieval_time_ms,1.6021728515625
2025-03-06T15:31:50.818969,prompt_construction_time_ms,1.8460750579833984
2025-03-06T15:31:57.235126,response_time_ms,6417.986869812012
2025-03-06T15:31:57.235257,response_tokens,89
2025-03-06T15:31:57.516275,memory_update_time_ms,45.89390754699707
2025-03-06T15:31:57.516337,field_energy,76881.10437039712
2025-03-06T15:31:57.516456,field_entropy,-60438.423173513525
2025-03-06T15:31:57.516489,field_message_importance,3.289864696563844
2025-03-06T15:31:57.517891,context_message_count,2
2025-03-06T15:31:57.517957,context_retrieval_time_ms,1.199960708618164
2025-03-06T15:31:57.518007,prompt_construction_time_ms,1.3751983642578125
2025-03-06T15:32:01.411748,response_time_ms,3895.066976547241
2025-03-06T15:32:01.411831,response_tokens,65
2025-03-06T15:32:02.088375,memory_update_time_ms,50.85611343383789
2025-03-06T15:32:02.088441,field_energy,77261.0326298957
2025-03-06T15:32:02.088560,field_entropy,-60906.30415991085
2025-03-06T15:32:02.088595,field_message_importance,3.199395730600488
2025-03-06T15:32:02.089798,context_message_count,4
2025-03-06T15:32:02.089855,context_retrieval_time_ms,1.1091232299804688
2025-03-06T15:32:02.089932,prompt_construction_time_ms,1.2600421905517578
2025-03-06T15:32:08.454869,response_time_ms,6366.145133972168
2025-03-06T15:32:08.454975,response_tokens,92
2025-03-06T15:32:08.674846,memory_update_time_ms,43.020009994506836
2025-03-06T15:32:08.674904,field_energy,77461.7893378227
2025-03-06T15:32:08.675015,field_entropy,-61167.77324711604
2025-03-06T15:32:08.675048,field_message_importance,3.2353694021093573
2025-03-06T15:32:08.679468,context_message_count,4
2025-03-06T15:32:08.679514,context_retrieval_time_ms,1.1017322540283203
2025-03-06T15:32:08.679548,prompt_construction_time_ms,1.1980533599853516
2025-03-06T15:32:13.868941,response_time_ms,5190.516948699951
2025-03-06T15:32:13.869041,response_tokens,68
2025-03-06T15:32:14.062926,memory_update_time_ms,44.71302032470703
2025-03-06T15:32:14.062992,field_energy,77427.51719510513
2025-03-06T15:32:14.063147,field_entropy,-61082.55461541965
2025-03-06T15:32:14.063203,field_message_importance,3.1970650528245166
2025-03-06T15:32:14.064736,context_message_count,5
2025-03-06T15:32:14.064786,context_retrieval_time_ms,1.4660358428955078
2025-03-06T15:32:14.064889,prompt_construction_time_ms,1.6150474548339844
2025-03-06T15:32:38.102127,response_time_ms,24038.779973983765
2025-03-06T15:32:38.102270,response_tokens,355
2025-03-06T15:32:38.490644,memory_update_time_ms,106.66084289550781
2025-03-06T15:32:38.490710,field_energy,77589.61537127274
2025-03-06T15:32:38.491232,field_entropy,-61287.03958701091
2025-03-06T15:32:38.491293,field_message_importance,3.2145975482052584
2025-03-06T15:32:38.492851,context_message_count,5
2025-03-06T15:32:38.492917,context_retrieval_time_ms,1.4600753784179688
2025-03-06T15:32:38.493001,prompt_construction_time_ms,1.6298294067382812
2025-03-06T15:32:53.897263,response_time_ms,15405.80677986145
2025-03-06T15:32:53.897360,response_tokens,258
2025-03-06T15:32:54.059217,memory_update_time_ms,50.20713806152344
2025-03-06T15:32:54.059285,field_energy,77646.13885771338
2025-03-06T15:32:54.059400,field_entropy,-61345.677818643075
2025-03-06T15:32:54.059438,field_message_importance,3.197151385631184
2025-03-06T15:32:54.060922,context_message_count,7
2025-03-06T15:32:54.060980,context_retrieval_time_ms,1.3709068298339844
2025-03-06T15:32:54.061048,prompt_construction_time_ms,1.5187263488769531
2025-03-06T15:33:08.900450,response_time_ms,14840.728759765625
2025-03-06T15:33:08.900689,response_tokens,224
2025-03-06T15:33:09.068904,memory_update_time_ms,48.480987548828125
2025-03-06T15:33:09.068971,field_energy,77748.8229219547
2025-03-06T15:33:09.069128,field_entropy,-61484.39973609961
2025-03-06T15:33:09.069179,field_message_importance,3.2403880912167184
2025-03-06T15:33:09.070473,context_message_count,7
2025-03-06T15:33:09.070514,context_retrieval_time_ms,1.1990070343017578
2025-03-06T15:33:09.070611,prompt_construction_time_ms,1.3499259948730469
2025-03-06T15:33:22.166348,response_time_ms,13096.895933151245
2025-03-06T15:33:22.166634,response_tokens,171
2025-03-06T15:33:22.339350,memory_update_time_ms,45.433998107910156
2025-03-06T15:33:22.339415,field_energy,77726.60817488411
2025-03-06T15:33:22.339528,field_entropy,-61417.8978951562
2025-03-06T15:33:22.339562,field_message_importance,3.2122678274096206
2025-03-06T15:33:22.346537,context_message_count,6
2025-03-06T15:33:22.346597,context_retrieval_time_ms,1.5468597412109375
2025-03-06T15:33:22.346639,prompt_construction_time_ms,1.6808509826660156
2025-03-06T15:33:24.229654,response_time_ms,1884.6006393432617
2025-03-06T15:33:24.229753,response_tokens,12
2025-03-06T15:33:24.356297,memory_update_time_ms,47.482967376708984
2025-03-06T15:33:24.356361,field_energy,77830.87881072747
2025-03-06T15:33:24.356472,field_entropy,-61558.13087321643
2025-03-06T15:33:24.356510,field_message_importance,3.222836089805343
2025-03-06T15:33:24.358174,context_message_count,6
2025-03-06T15:33:24.358230,context_retrieval_time_ms,1.5659332275390625
2025-03-06T15:33:24.358389,prompt_construction_time_ms,1.7750263214111328
2025-03-06T15:33:28.038888,response_time_ms,3682.269811630249
2025-03-06T15:33:28.038965,response_tokens,39
2025-03-06T15:33:28.206492,memory_update_time_ms,45.06087303161621
2025-03-06T15:33:28.206596,field_energy,77833.87676762445
2025-03-06T15:33:28.206730,field_entropy,-61549.78901649256
2025-03-06T15:33:28.206765,field_message_importance,3.1887699507078007
2025-03-06T15:33:28.208243,context_message_count,7
2025-03-06T15:33:28.208281,context_retrieval_time_ms,1.4069080352783203
2025-03-06T15:33:28.208372,prompt_construction_time_ms,1.531839370727539
2025-03-06T15:33:30.156967,response_time_ms,1949.9859809875488
2025-03-06T15:33:30.157233,response_tokens,30
2025-03-06T15:33:30.325522,memory_update_time_ms,44.167280197143555
2025-03-06T15:33:30.325594,field_energy,77931.34406465894
2025-03-06T15:33:30.325714,field_entropy,-61694.81493952518
2025-03-06T15:33:30.325753,field_message_importance,3.2165764601713827
2025-03-06T15:33:30.327169,context_message_count,7
2025-03-06T15:33:30.327237,context_retrieval_time_ms,1.310110092163086
2025-03-06T15:33:30.327295,prompt_construction_time_ms,1.4719963073730469
2025-03-06T15:33:33.019297,response_time_ms,2693.312168121338
2025-03-06T15:33:33.019931,response_tokens,22
2025-03-06T15:33:33.190041,memory_update_time_ms,42.75798797607422
2025-03-06T15:33:33.190114,field_energy,77924.12544735141
2025-03-06T15:33:33.190228,field_entropy,-61666.817331447695
2025-03-06T15:33:33.190265,field_message_importance,3.218402149877047
2025-03-06T15:33:33.191753,context_message_count,7
2025-03-06T15:33:33.191804,context_retrieval_time_ms,1.3918876647949219
2025-03-06T15:33:33.191869,prompt_construction_time_ms,1.531839370727539
2025-03-06T15:33:36.064475,response_time_ms,2874.0880489349365
2025-03-06T15:33:36.064568,response_tokens,41
2025-03-06T15:33:36.310905,memory_update_time_ms,45.655012130737305
2025-03-06T15:33:36.310976,field_energy,78008.16797861652
2025-03-06T15:33:36.311090,field_entropy,-61769.70293287914
2025-03-06T15:33:36.311130,field_message_importance,3.222152722412744
2025-03-06T15:33:36.320822,context_message_count,6
2025-03-06T15:33:36.320929,context_retrieval_time_ms,1.5180110931396484
2025-03-06T15:33:36.320975,prompt_construction_time_ms,1.741170883178711
2025-03-06T15:33:38.293373,response_time_ms,1974.0819931030273
2025-03-06T15:33:38.293594,response_tokens,14
2025-03-06T15:33:38.412278,memory_update_time_ms,47.1498966217041
2025-03-06T15:33:38.412343,field_energy,78009.05090692938
2025-03-06T15:33:38.412471,field_entropy,-61739.05699331987
2025-03-06T15:33:38.412514,field_message_importance,3.2069475998284225
2025-03-06T15:33:38.414266,context_message_count,7
2025-03-06T15:33:38.414402,context_retrieval_time_ms,1.631021499633789
2025-03-06T15:33:38.414467,prompt_construction_time_ms,1.8799304962158203
2025-03-06T15:33:47.075773,response_time_ms,8662.882089614868
2025-03-06T15:33:47.076193,response_tokens,134
2025-03-06T15:33:47.608710,memory_update_time_ms,50.536155700683594
2025-03-06T15:33:47.609113,field_energy,78086.18099473254
2025-03-06T15:33:47.609251,field_entropy,-61815.33158415154
2025-03-06T15:33:47.609292,field_message_importance,3.1935158028026236
2025-03-06T15:33:47.610939,context_message_count,6
2025-03-06T15:33:47.610995,context_retrieval_time_ms,1.4820098876953125
2025-03-06T15:33:47.611050,prompt_construction_time_ms,1.6183853149414062
2025-03-06T15:33:48.607086,response_time_ms,997.3533153533936
2025-03-06T15:33:48.607736,response_tokens,11
2025-03-06T15:33:48.772721,memory_update_time_ms,48.77495765686035
2025-03-06T15:33:48.772788,field_energy,78136.30459755611
2025-03-06T15:33:48.772903,field_entropy,-61890.209220863035
2025-03-06T15:33:48.772938,field_message_importance,3.189858697786379
2025-03-06T15:33:48.774344,context_message_count,7
2025-03-06T15:33:48.774389,context_retrieval_time_ms,1.3289451599121094
2025-03-06T15:33:48.774463,prompt_construction_time_ms,1.4500617980957031
2025-03-06T15:33:55.157838,response_time_ms,6384.776830673218
2025-03-06T15:33:55.157926,response_tokens,86
2025-03-06T15:33:55.333185,memory_update_time_ms,45.600175857543945
2025-03-06T15:33:55.333249,field_energy,78157.04666675584
2025-03-06T15:33:55.333439,field_entropy,-61919.977120324
2025-03-06T15:33:55.333470,field_message_importance,3.1941429945062247
2025-03-06T15:33:55.334960,context_message_count,7
2025-03-06T15:33:55.335018,context_retrieval_time_ms,1.4028549194335938
2025-03-06T15:33:55.335057,prompt_construction_time_ms,1.5349388122558594
2025-03-06T15:33:59.230335,response_time_ms,3896.7390060424805
2025-03-06T15:33:59.230445,response_tokens,54
2025-03-06T15:33:59.402558,memory_update_time_ms,53.887128829956055
2025-03-06T15:33:59.402613,field_energy,78179.43216890258
2025-03-06T15:33:59.403246,field_entropy,-61938.22288390339
2025-03-06T15:33:59.403324,field_message_importance,3.176590025218351
2025-03-06T15:33:59.415916,context_message_count,7
2025-03-06T15:33:59.415968,context_retrieval_time_ms,1.4500617980957031
2025-03-06T15:33:59.416007,prompt_construction_time_ms,1.5752315521240234
2025-03-06T15:34:03.954033,response_time_ms,4539.523124694824
2025-03-06T15:34:03.954111,response_tokens,74
2025-03-06T15:34:04.506897,memory_update_time_ms,436.0339641571045
2025-03-06T15:34:04.506964,field_energy,78214.21289327787
2025-03-06T15:34:04.507088,field_entropy,-61971.561123057385
2025-03-06T15:34:04.507121,field_message_importance,3.1714904188091446
2025-03-06T15:34:04.508867,context_message_count,6
2025-03-06T15:34:04.508930,context_retrieval_time_ms,1.5332698822021484
2025-03-06T15:34:04.509019,prompt_construction_time_ms,1.7142295837402344
2025-03-06T15:34:08.847146,response_time_ms,4339.709281921387
2025-03-06T15:34:08.847554,response_tokens,61
2025-03-06T15:34:09.096172,memory_update_time_ms,125.53811073303223
2025-03-06T15:34:09.096227,field_energy,78310.88638127639
2025-03-06T15:34:09.096691,field_entropy,-62093.6420333109
2025-03-06T15:34:09.096724,field_message_importance,3.193263971813489
2025-03-06T15:34:09.098415,context_message_count,7
2025-03-06T15:34:09.098451,context_retrieval_time_ms,1.4138221740722656
2025-03-06T15:34:09.098518,prompt_construction_time_ms,1.5370845794677734
2025-03-06T15:34:24.754553,response_time_ms,15657.497882843018
2025-03-06T15:34:24.754628,response_tokens,242
2025-03-06T15:34:24.917054,memory_update_time_ms,48.449039459228516
2025-03-06T15:34:24.917110,field_energy,78329.07475796956
2025-03-06T15:34:24.917221,field_entropy,-62094.10084701985
2025-03-06T15:34:24.917252,field_message_importance,3.1818448044886143
2025-03-06T15:34:24.918619,context_message_count,7
2025-03-06T15:34:24.918660,context_retrieval_time_ms,1.3179779052734375
2025-03-06T15:34:24.918692,prompt_construction_time_ms,1.4081001281738281
2025-03-06T15:34:27.129496,response_time_ms,2212.144136428833
2025-03-06T15:34:27.129591,response_tokens,22
2025-03-06T15:34:27.302992,memory_update_time_ms,46.24223709106445
2025-03-06T15:34:27.303243,field_energy,78344.35904779175
2025-03-06T15:34:27.303451,field_entropy,-62111.4776473251
2025-03-06T15:34:27.303502,field_message_importance,3.174694908670663
2025-03-06T15:34:27.305278,context_message_count,7
2025-03-06T15:34:27.305324,context_retrieval_time_ms,1.6589164733886719
2025-03-06T15:34:27.305363,prompt_construction_time_ms,1.8091201782226562
2025-03-06T15:34:30.113384,response_time_ms,2809.6072673797607
2025-03-06T15:34:30.113722,response_tokens,43
2025-03-06T15:34:30.285086,memory_update_time_ms,45.15194892883301
2025-03-06T15:34:30.285151,field_energy,78408.16329200224
2025-03-06T15:34:30.285261,field_entropy,-62200.78367464747
2025-03-06T15:34:30.285289,field_message_importance,3.194371804774152
2025-03-06T15:34:30.301595,context_message_count,7
2025-03-06T15:34:30.301647,context_retrieval_time_ms,1.6360282897949219
2025-03-06T15:34:30.301819,prompt_construction_time_ms,1.8429756164550781
2025-03-06T15:34:33.427745,response_time_ms,3127.746105194092
2025-03-06T15:34:33.427830,response_tokens,36
2025-03-06T15:34:33.548239,memory_update_time_ms,46.26107215881348
2025-03-06T15:34:33.548339,field_energy,78393.79186498182
2025-03-06T15:34:33.548797,field_entropy,-62164.67579307522
2025-03-06T15:34:33.548844,field_message_importance,3.1752488296497
2025-03-06T15:34:33.550582,context_message_count,7
2025-03-06T15:34:33.550670,context_retrieval_time_ms,1.5349388122558594
2025-03-06T15:34:33.550858,prompt_construction_time_ms,1.8360614776611328
2025-03-06T15:34:46.245728,response_time_ms,12696.495056152344
2025-03-06T15:34:46.246034,response_tokens,207
2025-03-06T15:34:46.816051,memory_update_time_ms,52.7799129486084
2025-03-06T15:34:46.816120,field_energy,78437.0723995289
2025-03-06T15:34:46.816247,field_entropy,-62231.421308264165
2025-03-06T15:34:46.816291,field_message_importance,3.1871083341603197
2025-03-06T15:34:46.817819,context_message_count,7
2025-03-06T15:34:46.817886,context_retrieval_time_ms,1.4047622680664062
2025-03-06T15:34:46.817943,prompt_construction_time_ms,1.5578269958496094
2025-03-06T15:35:05.432402,response_time_ms,18615.935802459717
2025-03-06T15:35:05.432501,response_tokens,284
2025-03-06T15:35:05.664210,memory_update_time_ms,108.1998348236084
2025-03-06T15:35:05.664268,field_energy,78432.26197285071
2025-03-06T15:35:05.664742,field_entropy,-62207.86332443076
2025-03-06T15:35:05.664778,field_message_importance,3.1722114258963288
2025-03-06T15:35:05.666322,context_message_count,7
2025-03-06T15:35:05.666510,context_retrieval_time_ms,1.4309883117675781
2025-03-06T15:35:05.666563,prompt_construction_time_ms,1.706838607788086
2025-03-06T15:35:12.614485,response_time_ms,6949.406862258911
2025-03-06T15:35:12.614823,response_tokens,120
2025-03-06T15:35:12.835284,memory_update_time_ms,106.59408569335938
2025-03-06T15:35:12.835347,field_energy,78482.82594302835
2025-03-06T15:35:12.835819,field_entropy,-62268.031960551685
2025-03-06T15:35:12.835865,field_message_importance,3.169770640982998
2025-03-06T15:35:12.837698,context_message_count,7
2025-03-06T15:35:12.837744,context_retrieval_time_ms,1.7549991607666016
2025-03-06T15:35:12.837796,prompt_construction_time_ms,1.875162124633789
2025-03-06T15:35:15.477099,response_time_ms,2640.9380435943604
2025-03-06T15:35:15.477490,response_tokens,44
2025-03-06T15:35:15.701537,memory_update_time_ms,103.1191349029541
2025-03-06T15:35:15.701595,field_energy,78483.87197554483
2025-03-06T15:35:15.702078,field_entropy,-62268.831440531925
2025-03-06T15:35:15.702114,field_message_importance,3.185633876647384
2025-03-06T15:35:15.722208,context_message_count,7
2025-03-06T15:35:15.722268,context_retrieval_time_ms,1.8529891967773438
2025-03-06T15:35:15.722343,prompt_construction_time_ms,2.010822296142578
2025-03-06T15:35:18.396250,response_time_ms,2675.851821899414
2025-03-06T15:35:18.396367,response_tokens,42
2025-03-06T15:35:18.517770,memory_update_time_ms,50.971031188964844
2025-03-06T15:35:18.517848,field_energy,78560.18007320691
2025-03-06T15:35:18.517976,field_entropy,-62372.39499285388
2025-03-06T15:35:18.518022,field_message_importance,3.2055839137613678
2025-03-06T15:35:18.519635,context_message_count,6
2025-03-06T15:35:18.519708,context_retrieval_time_ms,1.4889240264892578
2025-03-06T15:35:18.519789,prompt_construction_time_ms,1.689910888671875
2025-03-06T15:35:33.049713,response_time_ms,14531.441926956177
2025-03-06T15:35:33.049933,response_tokens,233
2025-03-06T15:35:33.231319,memory_update_time_ms,51.733970642089844
2025-03-06T15:35:33.231389,field_energy,78559.96504867982
2025-03-06T15:35:33.231513,field_entropy,-62372.19161051305
2025-03-06T15:35:33.231559,field_message_importance,3.2048232440773967
2025-03-06T15:35:33.233270,context_message_count,7
2025-03-06T15:35:33.233383,context_retrieval_time_ms,1.5459060668945312
2025-03-06T15:35:33.233523,prompt_construction_time_ms,1.834869384765625
2025-03-06T15:36:00.010144,response_time_ms,26778.40781211853
2025-03-06T15:36:00.010255,response_tokens,362
2025-03-06T15:36:00.199193,memory_update_time_ms,54.52609062194824
2025-03-06T15:36:00.199253,field_energy,78573.18974680181
2025-03-06T15:36:00.199776,field_entropy,-62374.201980785394
2025-03-06T15:36:00.199824,field_message_importance,3.1871298267644814
2025-03-06T15:36:00.201515,context_message_count,4
2025-03-06T15:36:00.201573,context_retrieval_time_ms,1.5537738800048828
2025-03-06T15:36:00.201666,prompt_construction_time_ms,1.7309188842773438
2025-03-06T15:36:14.959226,response_time_ms,14759.203672409058
2025-03-06T15:36:14.959336,response_tokens,231
2025-03-06T15:36:15.093355,memory_update_time_ms,45.719146728515625
2025-03-06T15:36:15.093424,field_energy,78592.82699598461
2025-03-06T15:36:15.093536,field_entropy,-62400.68882736229
2025-03-06T15:36:15.093569,field_message_importance,3.178878478050508
2025-03-06T15:36:15.095080,context_message_count,7
2025-03-06T15:36:15.095118,context_retrieval_time_ms,1.4369487762451172
2025-03-06T15:36:15.095174,prompt_construction_time_ms,1.5490055084228516
2025-03-06T15:36:29.615186,response_time_ms,14521.362781524658
2025-03-06T15:36:29.615421,response_tokens,224
2025-03-06T15:36:29.787533,memory_update_time_ms,51.77497863769531
2025-03-06T15:36:29.787595,field_energy,78595.84025476809
2025-03-06T15:36:29.787712,field_entropy,-62409.767879723324
2025-03-06T15:36:29.787745,field_message_importance,3.1861865585516354
2025-03-06T15:36:29.811790,context_message_count,7
2025-03-06T15:36:29.811843,context_retrieval_time_ms,1.455068588256836
2025-03-06T15:36:29.811882,prompt_construction_time_ms,1.5859603881835938
2025-03-06T15:36:48.628238,response_time_ms,18817.85273551941
2025-03-06T15:36:48.628337,response_tokens,288
2025-03-06T15:36:48.798432,memory_update_time_ms,42.51599311828613
2025-03-06T15:36:48.798491,field_energy,78625.49557442994
2025-03-06T15:36:48.798602,field_entropy,-62437.98632836109
2025-03-06T15:36:48.798638,field_message_importance,3.1844061775515553
2025-03-06T15:36:48.800122,context_message_count,7
2025-03-06T15:36:48.800170,context_retrieval_time_ms,1.3918876647949219
2025-03-06T15:36:48.800244,prompt_construction_time_ms,1.5339851379394531
2025-03-06T15:37:02.530745,response_time_ms,13731.980085372925
2025-03-06T15:37:02.530834,response_tokens,201
2025-03-06T15:37:02.710618,memory_update_time_ms,43.64800453186035
2025-03-06T15:37:02.710681,field_energy,78669.9945970671
2025-03-06T15:37:02.710799,field_entropy,-62504.87317740497
2025-03-06T15:37:02.710839,field_message_importance,3.2064748620252095
2025-03-06T15:37:02.712352,context_message_count,7
2025-03-06T15:37:02.712392,context_retrieval_time_ms,1.4541149139404297
2025-03-06T15:37:02.712426,prompt_construction_time_ms,1.5480518341064453
2025-03-06T15:37:21.660981,response_time_ms,18950.03628730774
2025-03-06T15:37:21.661068,response_tokens,277
2025-03-06T15:37:21.825452,memory_update_time_ms,41.748046875
2025-03-06T15:37:21.825540,field_energy,78644.99057195679
2025-03-06T15:37:21.825663,field_entropy,-62454.860407501284
2025-03-06T15:37:21.825702,field_message_importance,3.1879331008078142
2025-03-06T15:37:21.827761,context_message_count,7
2025-03-06T15:37:21.827836,context_retrieval_time_ms,1.9168853759765625
2025-03-06T15:37:21.827880,prompt_construction_time_ms,2.1119117736816406
2025-03-06T15:37:45.603899,response_time_ms,23778.060913085938
2025-03-06T15:37:45.603986,response_tokens,386
2025-03-06T15:37:45.783455,memory_update_time_ms,43.41697692871094
2025-03-06T15:37:45.783518,field_energy,78686.82375883433
2025-03-06T15:37:45.783633,field_entropy,-62508.9208223109
2025-03-06T15:37:45.783673,field_message_importance,3.2036287223169175
2025-03-06T15:37:45.785261,context_message_count,7
2025-03-06T15:37:45.785307,context_retrieval_time_ms,1.5261173248291016
2025-03-06T15:37:45.785341,prompt_construction_time_ms,1.6303062438964844
2025-03-06T15:37:56.410328,response_time_ms,10626.505136489868
2025-03-06T15:37:56.410445,response_tokens,136
2025-03-06T15:37:56.640936,memory_update_time_ms,54.395198822021484
2025-03-06T15:37:56.640999,field_energy,78693.99950569181
2025-03-06T15:37:56.641495,field_entropy,-62509.99574954489
2025-03-06T15:37:56.641538,field_message_importance,3.1825050371229353
2025-03-06T15:37:56.671612,context_message_count,7
2025-03-06T15:37:56.671675,context_retrieval_time_ms,1.7211437225341797
2025-03-06T15:37:56.671789,prompt_construction_time_ms,1.8811225891113281
2025-03-06T15:38:01.842579,response_time_ms,5172.673940658569
2025-03-06T15:38:01.842674,response_tokens,79
2025-03-06T15:38:02.029147,memory_update_time_ms,51.180124282836914
2025-03-06T15:38:02.029216,field_energy,78732.46734506753
2025-03-06T15:38:02.029350,field_entropy,-62567.8854338821
2025-03-06T15:38:02.029402,field_message_importance,3.194994546256509
2025-03-06T15:38:02.030985,context_message_count,7
2025-03-06T15:38:02.031043,context_retrieval_time_ms,1.4808177947998047
2025-03-06T15:38:02.031121,prompt_construction_time_ms,1.6407966613769531
2025-03-06T15:38:14.718891,response_time_ms,12689.220666885376
2025-03-06T15:38:14.719169,response_tokens,166
2025-03-06T15:38:14.922366,memory_update_time_ms,53.28798294067383
2025-03-06T15:38:14.922443,field_energy,78691.45497703463
2025-03-06T15:38:14.922573,field_entropy,-62510.60131263583
2025-03-06T15:38:14.922624,field_message_importance,3.1958513698762427
2025-03-06T15:38:14.924344,context_message_count,7
2025-03-06T15:38:14.924411,context_retrieval_time_ms,1.583099365234375
2025-03-06T15:38:14.924471,prompt_construction_time_ms,1.7600059509277344
2025-03-06T15:38:19.212633,response_time_ms,4289.669036865234
2025-03-06T15:38:19.212918,response_tokens,66
